IndustrialCraft 2,1391514307000
Additional Buildcraft Objects,1393085705000
Advanced Solars,1393085705000
Applied Energistics,1393085705000
Ars Magica,1393085705000
Backpack Mod,1393085705000
BiblioCraft,1393085705000
Binnies Mods,1393085705000
Biomes O Plenty,1393085705000
Buildcraft,1393085706000
Chicken Chunks,1393085706000
Compact Solars,1393085706000
ComputerCraft,1393085706000
Emasher Resource,1393085706000
Ender IO,1393085706000
Ender Storage,1393085706000
Engineers Toolbox,1393085706000
Extra Utilities,1393085707000
ExtraCells,1393085706000
Factorization,1393085707000
Forestry,1393085708000
Gravity Suite,1393085708000
Greg's Lighting,1393085708000
Inventory Tweaks,1393085709000
Iron Chests,1393085709000
Jammy Furniture,1393085709000
Magic Bees,1393085710000
Microblocks,1393085710000
Minefactory Reloaded,1393085711000
Morph,1393085711000
Mystcraft,1393085712000
Natura,1393085712000
Not Enough Items,1393085712000
Nuclear Control,1393085712000
OpenBlocks,1393085712000
OpenPeripheral,1393085712000
Portal Gun,1393085712000
Project Red,1393085712000
Railcraft,1393085712000
Soul Shards,1393085712000
Steves Carts,1393085713000
Thaumcraft 4,1393085713000
Thaumic Tinkerer,1393085713000
Thermal Expansion,1393085713000
Tinker Construct,1393085715000
Tinker Mechworks,1393085715000
Twilight Forest,1393085715000
